文件ID,模型文件,网格成员,对象ID,对象名称,局部X,局部Y,局部Z,单位,三角面数,作者,许可原文
R001,160x160_80抽屉框架.3mf,3D/Objects/object_3.model,1,侧面洞洞板抽屉 160x160 v7_2,160.0,160.0,87.0,millimeter,35960,竹轻轻ZQQ,Standard Digital File License
R002,160x160_单格抽屉模块.3mf,3D/Objects/object_2.model,1,侧面洞洞板抽屉 160x160 v7_1,157.39999,157.7,37.4,millimeter,700,竹轻轻ZQQ,Standard Digital File License
R003,20mm-1.3mf,3D/Objects/object_1.model,1,20mm-1.stl,43.5,35.99406,4.8,millimeter,27696,528机房,Standard Digital File License
R004,240x240_双层侧面洞洞板抽屉_框架_v20.3mf,3D/Objects/object_1.model,1,240x240 双层侧面洞洞板抽屉 框架 v20.step,240.0,240.0,87.0,millimeter,46906,竹轻轻ZQQ,Standard Digital File License
R005,240x240盖板.3mf,3D/Objects/object_1.model,1,240x240盖板.step,238.0,238.0,2.0,millimeter,3528,竹轻轻ZQQ,Standard Digital File License
R006,a1mini一次打24个.3mf,3D/Objects/object_19.model,1,组合体,43.5,35.99406,4.8,millimeter,27696,528机房,Standard Digital File License
R007,Boxs.3mf,3D/Objects/object_1.model,1,Object_1,79.802,88.864,35.998,millimeter,2148,Combo,Standard Digital File License
R007,Boxs.3mf,3D/Objects/object_1.model,2,Object_1,25.6,25.6,25.6,millimeter,12,Combo,Standard Digital File License
R007,Boxs.3mf,3D/Objects/object_3.model,4,Object_1,79.8,89.08852,76.0,millimeter,2244,Combo,Standard Digital File License
R007,Boxs.3mf,3D/Objects/object_3.model,5,Object_1,25.6,25.6,25.6,millimeter,12,Combo,Standard Digital File License
R007,Boxs.3mf,3D/Objects/object_6.model,10,Object_1,159.8,89.088,76.0,millimeter,2830,Combo,Standard Digital File License
R007,Boxs.3mf,3D/Objects/object_6.model,11,Object_1,25.6,25.6,25.6,millimeter,12,Combo,Standard Digital File License
R007,Boxs.3mf,3D/Objects/object_5.model,7,Object_1,159.8,88.866,36.0,millimeter,2654,Combo,Standard Digital File License
R007,Boxs.3mf,3D/Objects/object_5.model,8,Object_1,25.6,25.6,25.6,millimeter,12,Combo,Standard Digital File License
R008,DDB_-_SB_-_YJ.3mf,3D/Objects/object_1.model,1,DDB - SB - YJ.STL,65.0,35.0,63.0,millimeter,14866,卡比超能吃,Standard Digital File License
R009,Desk_Skadis_Board_200x240_mm_P1S.3mf,3D/Objects/object_18.model,3,Board,200.0,5.0,240.0,millimeter,630992,Kong 3D,Standard Digital File License
R009,Desk_Skadis_Board_200x240_mm_P1S.3mf,3D/Objects/object_8.model,1,Base,200.0,115.12,43.0,millimeter,34514,Kong 3D,Standard Digital File License
R010,draw160.3mf,3D/Objects/object_2.model,1,FusionComponent_1,160.0,80.0,80.0,millimeter,8316,竹轻轻ZQQ,Standard Digital File License
R010,draw160.3mf,3D/Objects/object_3.model,3,FusionComponent_2,157.39999,76.7,73.39999,millimeter,15208,竹轻轻ZQQ,Standard Digital File License
R011,drawer.3mf,3D/Objects/object_7.model,3,2.step,77.4,76.7,73.4,millimeter,8388,竹轻轻ZQQ,Standard Digital File License
R011,drawer.3mf,3D/Objects/object_2.model,1,FusionComponent_1,80.0,80.0,80.0,millimeter,4860,竹轻轻ZQQ,Standard Digital File License
R012,komplett.3mf,3D/Objects/object_20.model,39,gängsats.STL,125.0,72.5,35.0,millimeter,12620,walleriusDesign,Standard Digital File License
R012,komplett.3mf,3D/Objects/object_55.model,109,krok.stl,23.5,4.4,36.03191,millimeter,2896,walleriusDesign,Standard Digital File License
R012,komplett.3mf,3D/Objects/object_33.model,65,Sticksåg.STL,115.0,29.0,35.0,millimeter,9804,walleriusDesign,Standard Digital File License
R012,komplett.3mf,3D/Objects/object_3.model,5,basplatta 8.STL,55.0,11.90773,35.0,millimeter,4606,walleriusDesign,Standard Digital File License
R012,komplett.3mf,3D/Objects/object_5.model,9,bosch skruvdragare.STL,115.0,64.74156,39.49514,millimeter,10380,walleriusDesign,Standard Digital File License
R012,komplett.3mf,3D/Objects/object_57.model,113,krok.stl,23.5,4.4,36.03191,millimeter,2896,walleriusDesign,Standard Digital File License
R012,komplett.3mf,3D/Objects/object_48.model,95,krok.stl,23.5,4.4,36.03191,millimeter,2896,walleriusDesign,Standard Digital File License
R012,komplett.3mf,3D/Objects/object_27.model,53,hållare insex2.STL,52.5,23.5,35.0,millimeter,2918,walleriusDesign,Standard Digital File License
R012,komplett.3mf,3D/Objects/object_35.model,69,träborr.STL,83.31979,27.16732,35.0,millimeter,7386,walleriusDesign,Standard Digital File License
R012,komplett.3mf,3D/Objects/object_24.model,47,"hylssats 9,4.STL",125.0,54.5,35.0,millimeter,3134,walleriusDesign,Standard Digital File License
R012,komplett.3mf,3D/Objects/object_1.model,1,2Hooks.stl,44.0,20.0,12.0,millimeter,88,walleriusDesign,Standard Digital File License
R012,komplett.3mf,3D/Objects/object_19.model,37,Gradskiva3.STL,49.8,37.0,35.0,millimeter,4524,walleriusDesign,Standard Digital File License
R012,komplett.3mf,3D/Objects/object_56.model,111,krok.stl,23.5,4.4,36.03191,millimeter,2896,walleriusDesign,Standard Digital File License
R012,komplett.3mf,3D/Objects/object_29.model,57,nätverkstång.STL,55.0,36.0,35.0,millimeter,5030,walleriusDesign,Standard Digital File License
R012,komplett.3mf,3D/Objects/object_52.model,103,krok.stl,23.5,4.4,36.03191,millimeter,2896,walleriusDesign,Standard Digital File License
R012,komplett.3mf,3D/Objects/object_23.model,45,Hook-Small.stl,27.27584,12.00345,4.0,millimeter,2056,walleriusDesign,Standard Digital File License
R012,komplett.3mf,3D/Objects/object_40.model,79,krok.stl,23.5,4.4,36.03191,millimeter,2896,walleriusDesign,Standard Digital File License
R012,komplett.3mf,3D/Objects/object_16.model,31,fräshållare2.0 vinklad.STL,106.9933,35.18657,35.0,millimeter,3476,walleriusDesign,Standard Digital File License
R012,komplett.3mf,3D/Objects/object_51.model,101,krok.stl,23.5,4.4,36.03191,millimeter,2896,walleriusDesign,Standard Digital File License
R012,komplett.3mf,3D/Objects/object_36.model,71,tång hållare b.STL,58.81432,33.9,34.19888,millimeter,2806,walleriusDesign,Standard Digital File License
R012,komplett.3mf,3D/Objects/object_45.model,89,krok.stl,23.5,4.4,36.03191,millimeter,2896,walleriusDesign,Standard Digital File License
R012,komplett.3mf,3D/Objects/object_44.model,87,krok.stl,23.5,4.4,36.03191,millimeter,2896,walleriusDesign,Standard Digital File License
R012,komplett.3mf,3D/Objects/object_14.model,27,falstång.STL,55.0,34.0,35.0,millimeter,4250,walleriusDesign,Standard Digital File License
R012,komplett.3mf,3D/Objects/object_21.model,41,Hammare hållare.STL,59.17226,38.0,33.66494,millimeter,5106,walleriusDesign,Standard Digital File License
R012,komplett.3mf,3D/Objects/object_12.model,23,eltång skalare.STL,55.0,25.2,35.0,millimeter,3544,walleriusDesign,Standard Digital File License
R012,komplett.3mf,3D/Objects/object_49.model,97,krok.stl,23.5,4.4,36.03191,millimeter,2896,walleriusDesign,Standard Digital File License
R012,komplett.3mf,3D/Objects/object_10.model,19,Crimptång2.STL,67.4,32.8,35.0,millimeter,7610,walleriusDesign,Standard Digital File License
R012,komplett.3mf,3D/Objects/object_43.model,85,krok.stl,23.5,4.4,36.03191,millimeter,2896,walleriusDesign,Standard Digital File License
R012,komplett.3mf,3D/Objects/object_38.model,75,tång hållare.STL,58.81432,33.9,34.19888,millimeter,2594,walleriusDesign,Standard Digital File License
R012,komplett.3mf,3D/Objects/object_7.model,13,bosch tigersåg3.STL,49.8,37.0,35.0,millimeter,4658,walleriusDesign,Standard Digital File License
R012,komplett.3mf,3D/Objects/object_39.model,77,vinkelslip.STL,63.0,40.0,54.70027,millimeter,4968,walleriusDesign,Standard Digital File License
R012,komplett.3mf,3D/Objects/object_22.model,43,HANDÖVERFRÄS.STL,65.0,15.2,35.0,millimeter,5408,walleriusDesign,Standard Digital File License
R012,komplett.3mf,3D/Objects/object_2.model,3,basplatta 6mm.STL,55.0,11.90773,35.0,millimeter,4606,walleriusDesign,Standard Digital File License
R012,komplett.3mf,3D/Objects/object_53.model,105,krok.stl,23.5,4.4,36.03191,millimeter,2896,walleriusDesign,Standard Digital File License
R012,komplett.3mf,3D/Objects/object_37.model,73,tång hållare stor.STL,59.17168,38.0,33.66494,millimeter,1830,walleriusDesign,Standard Digital File License
R012,komplett.3mf,3D/Objects/object_34.model,67,stängseltång.STL,69.0,27.0,37.0,millimeter,2412,walleriusDesign,Standard Digital File License
R012,komplett.3mf,3D/Objects/object_25.model,49,hylssats.STL,125.0,54.5,35.0,millimeter,3134,walleriusDesign,Standard Digital File License
R012,komplett.3mf,3D/Objects/object_8.model,15,BULLENS.STL,79.99603,81.5,35.0,millimeter,11194,walleriusDesign,Standard Digital File License
R012,komplett.3mf,3D/Objects/object_6.model,11,bosch tigersåg.STL,49.8,37.0,35.0,millimeter,3822,walleriusDesign,Standard Digital File License
R012,komplett.3mf,3D/Objects/object_4.model,7,bosch BITSdragare.STL,115.0,60.95092,35.0,millimeter,10108,walleriusDesign,Standard Digital File License
R012,komplett.3mf,3D/Objects/object_31.model,61,skaltång solcell.STL,55.0,22.5,35.0,millimeter,3020,walleriusDesign,Standard Digital File License
R012,komplett.3mf,3D/Objects/object_32.model,63,skruvmejsel.STL,190.0,39.53261,35.0,millimeter,6680,walleriusDesign,Standard Digital File License
R012,komplett.3mf,3D/Objects/object_15.model,29,fräshållare.STL,106.99989,34.5,35.0,millimeter,5828,walleriusDesign,Standard Digital File License
R012,komplett.3mf,3D/Objects/object_17.model,33,Gradskiva.STL,73.0,37.0,35.0,millimeter,2250,walleriusDesign,Standard Digital File License
R012,komplett.3mf,3D/Objects/object_41.model,81,krok.stl,23.5,4.4,36.03191,millimeter,2896,walleriusDesign,Standard Digital File License
R012,komplett.3mf,3D/Objects/object_9.model,17,Crimptång.STL,67.4,32.8,35.0,millimeter,5870,walleriusDesign,Standard Digital File License
R012,komplett.3mf,3D/Objects/object_42.model,83,krok.stl,23.5,4.4,36.03191,millimeter,2896,walleriusDesign,Standard Digital File License
R012,komplett.3mf,3D/Objects/object_50.model,99,krok.stl,23.5,4.4,36.03191,millimeter,2896,walleriusDesign,Standard Digital File License
R012,komplett.3mf,3D/Objects/object_54.model,107,krok.stl,23.5,4.4,36.03191,millimeter,2896,walleriusDesign,Standard Digital File License
R012,komplett.3mf,3D/Objects/object_30.model,59,plasthammare.STL,55.0,55.61111,35.0,millimeter,6098,walleriusDesign,Standard Digital File License
R012,komplett.3mf,3D/Objects/object_46.model,91,krok.stl,23.5,4.4,36.03191,millimeter,2896,walleriusDesign,Standard Digital File License
R012,komplett.3mf,3D/Objects/object_13.model,25,eltång.STL,55.0,20.3,35.0,millimeter,3322,walleriusDesign,Standard Digital File License
R012,komplett.3mf,3D/Objects/object_28.model,55,multimaskin.STL,55.0,27.0,35.0,millimeter,6354,walleriusDesign,Standard Digital File License
R012,komplett.3mf,3D/Objects/object_47.model,93,krok.stl,23.5,4.4,36.03191,millimeter,2896,walleriusDesign,Standard Digital File License
R012,komplett.3mf,3D/Objects/object_18.model,35,Gradskiva2.STL,59.8,37.0,35.0,millimeter,3738,walleriusDesign,Standard Digital File License
R012,komplett.3mf,3D/Objects/object_11.model,21,dorn hållare.STL,79.98822,23.8,35.0,millimeter,8892,walleriusDesign,Standard Digital File License
R012,komplett.3mf,3D/Objects/object_26.model,51,hållare insex.STL,52.5,19.0,35.0,millimeter,1916,walleriusDesign,Standard Digital File License
R013,ModelA.3mf,3D/Objects/object_4.model,5,A2,45.0,18.2,34.0,millimeter,2220,Combo,Standard Digital File License
R013,ModelA.3mf,3D/Objects/object_5.model,7,A1,45.0,18.2,10.0,millimeter,1140,Combo,Standard Digital File License
R013,ModelA.3mf,3D/Objects/object_1.model,3,A1,45.0,18.2,10.0,millimeter,1140,Combo,Standard Digital File License
R013,ModelA.3mf,3D/Objects/object_3.model,1,A2,45.0,18.2,34.0,millimeter,2220,Combo,Standard Digital File License
R014,ModelAll(2).3mf,3D/Objects/object_5.model,40,B1,17.74242,17.74242,20.4,millimeter,5540,Combo,Standard Digital File License
R014,ModelAll(2).3mf,3D/Objects/object_14.model,1,A2,45.0,18.2,34.0,millimeter,2220,Combo,Standard Digital File License
R014,ModelAll(2).3mf,3D/Objects/object_14.model,2,A2,25.6,25.6,25.6,millimeter,12,Combo,Standard Digital File License
R014,ModelAll(2).3mf,3D/Objects/object_37.model,35,C2-1,36.0,36.0,7.4,millimeter,1576,Combo,Standard Digital File License
R014,ModelAll(2).3mf,3D/Objects/object_6.model,10,C2-2,45.0,10.8,36.0,millimeter,612,Combo,Standard Digital File License
R014,ModelAll(2).3mf,3D/Objects/object_6.model,11,C2-2,25.6,25.6,25.6,millimeter,12,Combo,Standard Digital File License
R014,ModelAll(2).3mf,3D/Objects/object_3.model,17,B4,42.742,42.744,20.4,millimeter,11726,Combo,Standard Digital File License
R014,ModelAll(2).3mf,3D/Objects/object_32.model,48,C1-1,10.0,36.0,7.4,millimeter,850,Combo,Standard Digital File License
R014,ModelAll(2).3mf,3D/Objects/object_23.model,27,B2,42.744,17.74001,20.398,millimeter,7908,Combo,Standard Digital File License
R014,ModelAll(2).3mf,3D/Objects/object_31.model,37,C1-2,45.0,10.8,10.0,millimeter,328,Combo,Standard Digital File License
R014,ModelAll(2).3mf,3D/Objects/object_31.model,38,C1-2,25.6,25.6,25.6,millimeter,12,Combo,Standard Digital File License
R014,ModelAll(2).3mf,3D/Objects/object_1.model,23,A1,45.0,18.2,10.0,millimeter,1140,Combo,Standard Digital File License
R014,ModelAll(2).3mf,3D/Objects/object_1.model,24,A1,25.6,25.6,25.6,millimeter,12,Combo,Standard Digital File License
R014,ModelAll(2).3mf,3D/Objects/object_11.model,4,B3,42.742,42.742,20.398,millimeter,8644,Combo,Standard Digital File License
R015,ModelAll.3mf,3D/Objects/object_5.model,16,B1,17.74242,17.74242,20.4,millimeter,5540,Combo,Standard Digital File License
R015,ModelAll.3mf,3D/Objects/object_9.model,23,C1-1,10.0,36.0,7.4,millimeter,850,Combo,Standard Digital File License
R015,ModelAll.3mf,3D/Objects/object_7.model,18,C2-1,36.0,36.0,7.4,millimeter,1576,Combo,Standard Digital File License
R015,ModelAll.3mf,3D/Objects/object_14.model,1,A2,45.0,18.2,34.0,millimeter,2220,Combo,Standard Digital File License
R015,ModelAll.3mf,3D/Objects/object_14.model,2,A2,25.6,25.6,25.6,millimeter,12,Combo,Standard Digital File License
R015,ModelAll.3mf,3D/Objects/object_6.model,4,C2-2,45.0,10.8,36.0,millimeter,612,Combo,Standard Digital File License
R015,ModelAll.3mf,3D/Objects/object_6.model,5,C2-2,25.6,25.6,25.6,millimeter,12,Combo,Standard Digital File License
R015,ModelAll.3mf,3D/Objects/object_3.model,7,B4,42.742,42.744,20.4,millimeter,11726,Combo,Standard Digital File License
R015,ModelAll.3mf,3D/Objects/object_8.model,20,C1-2,45.0,10.8,10.0,millimeter,328,Combo,Standard Digital File License
R015,ModelAll.3mf,3D/Objects/object_8.model,21,C1-2,25.6,25.6,25.6,millimeter,12,Combo,Standard Digital File License
R015,ModelAll.3mf,3D/Objects/object_1.model,11,A1,45.0,18.2,10.0,millimeter,1140,Combo,Standard Digital File License
R015,ModelAll.3mf,3D/Objects/object_1.model,12,A1,25.6,25.6,25.6,millimeter,12,Combo,Standard Digital File License
R015,ModelAll.3mf,3D/Objects/object_11.model,9,B3,42.742,42.742,20.398,millimeter,8644,Combo,Standard Digital File License
R015,ModelAll.3mf,3D/Objects/object_4.model,14,B2,42.744,17.74001,20.398,millimeter,7908,Combo,Standard Digital File License
R016,ModelB.3mf,3D/Objects/object_5.model,9,B4_v2,42.744,42.742,20.4,millimeter,10880,Combo,Standard Digital File License
R016,ModelB.3mf,3D/Objects/object_9.model,11,B2_v3,19.31,38.61,25.398,millimeter,7762,Combo,Standard Digital File License
R016,ModelB.3mf,3D/Objects/object_7.model,19,B1_v2,31.9978,18.0,20.4,millimeter,5802,Combo,Standard Digital File License
R016,ModelB.3mf,3D/Objects/object_2.model,17,B2,42.744,17.74001,20.398,millimeter,7908,Combo,Standard Digital File License
R016,ModelB.3mf,3D/Objects/object_6.model,15,B2_v2,42.98799,18.0,20.4,millimeter,3948,Combo,Standard Digital File License
R016,ModelB.3mf,3D/Objects/object_3.model,1,B4,42.742,42.744,20.4,millimeter,11726,Combo,Standard Digital File License
R016,ModelB.3mf,3D/Objects/object_12.model,7,B2_v4,9.998,40.68,20.4,millimeter,5114,Combo,Standard Digital File License
R016,ModelB.3mf,3D/Objects/object_8.model,5,B4_v3,38.618,38.618,25.4,millimeter,11142,Combo,Standard Digital File License
R016,ModelB.3mf,3D/Objects/object_1.model,21,B1,17.74242,17.74242,20.4,millimeter,5540,Combo,Standard Digital File License
R016,ModelB.3mf,3D/Objects/object_10.model,3,B4_v4,38.682,38.682,20.398,millimeter,11956,Combo,Standard Digital File License
R016,ModelB.3mf,3D/Objects/object_4.model,13,B3,42.742,42.742,20.398,millimeter,8644,Combo,Standard Digital File License
R017,ModelC.3mf,3D/Objects/object_4.model,1,C2-2,45.0,10.8,36.0,millimeter,612,Combo,Standard Digital File License
R017,ModelC.3mf,3D/Objects/object_4.model,2,C2-2,25.6,25.6,25.6,millimeter,12,Combo,Standard Digital File License
R017,ModelC.3mf,3D/Objects/object_1.model,9,C1-1,10.0,36.0,7.4,millimeter,850,Combo,Standard Digital File License
R017,ModelC.3mf,3D/Objects/object_2.model,6,C1-2,45.0,10.8,10.0,millimeter,328,Combo,Standard Digital File License
R017,ModelC.3mf,3D/Objects/object_2.model,7,C1-2,25.6,25.6,25.6,millimeter,12,Combo,Standard Digital File License
R017,ModelC.3mf,3D/Objects/object_3.model,4,C2-1,36.0,36.0,7.4,millimeter,1576,Combo,Standard Digital File License
R018,MSkadis_200.3mf,3D/Objects/object_5.model,11,Object_1,200.0,200.0,5.0,millimeter,145326,Combo,Standard Digital File License
R018,MSkadis_200.3mf,3D/Objects/object_5.model,12,Object_1,25.6,25.6,25.6,millimeter,1440,Combo,Standard Digital File License
R018,MSkadis_200.3mf,3D/Objects/object_7.model,17,Object_1,200.0,200.0,5.0,millimeter,162632,Combo,Standard Digital File License
R018,MSkadis_200.3mf,3D/Objects/object_7.model,18,Object_1,25.6,25.6,25.6,millimeter,1440,Combo,Standard Digital File License
R018,MSkadis_200.3mf,3D/Objects/object_6.model,14,Object_1,200.0,200.0,5.0,millimeter,154094,Combo,Standard Digital File License
R018,MSkadis_200.3mf,3D/Objects/object_6.model,15,Object_1,25.6,25.6,25.6,millimeter,1440,Combo,Standard Digital File License
R018,MSkadis_200.3mf,3D/Objects/object_3.model,5,Object_1,200.0,200.0,5.0,millimeter,145342,Combo,Standard Digital File License
R018,MSkadis_200.3mf,3D/Objects/object_3.model,6,Object_1,25.6,25.6,25.6,millimeter,1440,Combo,Standard Digital File License
R018,MSkadis_200.3mf,3D/Objects/object_8.model,20,Object_1,200.0,200.0,4.998,millimeter,168594,Combo,Standard Digital File License
R018,MSkadis_200.3mf,3D/Objects/object_8.model,21,Object_1,25.6,25.6,25.6,millimeter,1440,Combo,Standard Digital File License
R018,MSkadis_200.3mf,3D/Objects/object_1.model,1,Object_1,200.0,200.0,4.998,millimeter,129036,Combo,Standard Digital File License
R018,MSkadis_200.3mf,3D/Objects/object_1.model,2,Object_1,25.6,25.6,25.6,millimeter,1440,Combo,Standard Digital File License
R018,MSkadis_200.3mf,3D/Objects/object_4.model,8,Object_1,200.0,200.0,5.0,millimeter,153328,Combo,Standard Digital File License
R018,MSkadis_200.3mf,3D/Objects/object_4.model,9,Object_1,25.6,25.6,25.6,millimeter,1440,Combo,Standard Digital File License
R019,MSkadis_240.3mf,3D/Objects/object_5.model,11,Object_1,240.0,240.0,5.0,millimeter,144264,Combo,Standard Digital File License
R019,MSkadis_240.3mf,3D/Objects/object_5.model,12,Object_1,25.6,25.6,25.6,millimeter,1440,Combo,Standard Digital File License
R019,MSkadis_240.3mf,3D/Objects/object_9.model,20,Object_1,239.998,239.998,5.0,millimeter,166258,Combo,Standard Digital File License
R019,MSkadis_240.3mf,3D/Objects/object_9.model,21,Object_1,25.6,25.6,25.6,millimeter,1440,Combo,Standard Digital File License
R019,MSkadis_240.3mf,3D/Objects/object_7.model,17,Object_1,240.0,240.0,5.0,millimeter,159114,Combo,Standard Digital File License
R019,MSkadis_240.3mf,3D/Objects/object_7.model,18,Object_1,25.6,25.6,25.6,millimeter,1440,Combo,Standard Digital File License
R019,MSkadis_240.3mf,3D/Objects/object_6.model,14,Object_1,240.0,240.0,5.0,millimeter,151848,Combo,Standard Digital File License
R019,MSkadis_240.3mf,3D/Objects/object_6.model,15,Object_1,25.6,25.6,25.6,millimeter,1440,Combo,Standard Digital File License
R019,MSkadis_240.3mf,3D/Objects/object_3.model,5,Object_1,240.0,240.0,5.0,millimeter,144258,Combo,Standard Digital File License
R019,MSkadis_240.3mf,3D/Objects/object_3.model,6,Object_1,25.6,25.6,25.6,millimeter,1440,Combo,Standard Digital File License
R019,MSkadis_240.3mf,3D/Objects/object_1.model,1,Object_1,239.998,239.998,5.0,millimeter,130284,Combo,Standard Digital File License
R019,MSkadis_240.3mf,3D/Objects/object_1.model,2,Object_1,25.6,25.6,25.6,millimeter,1440,Combo,Standard Digital File License
R019,MSkadis_240.3mf,3D/Objects/object_4.model,8,Object_1,240.0,240.0,5.0,millimeter,150944,Combo,Standard Digital File License
R019,MSkadis_240.3mf,3D/Objects/object_4.model,9,Object_1,25.6,25.6,25.6,millimeter,1440,Combo,Standard Digital File License
R020,MSkadis_280.3mf,3D/Objects/object_8.model,19,Object_1,279.99799,279.99799,5.0,millimeter,222984,Combo,Standard Digital File License
R020,MSkadis_280.3mf,3D/Objects/object_8.model,20,Object_1,35.0,35.0,35.0,millimeter,1440,Combo,Standard Digital File License
R020,MSkadis_280.3mf,3D/Objects/object_4.model,10,Object_1,279.99799,279.99799,5.0,millimeter,198298,Combo,Standard Digital File License
R020,MSkadis_280.3mf,3D/Objects/object_4.model,11,Object_1,35.0,35.0,35.0,millimeter,1440,Combo,Standard Digital File License
R020,MSkadis_280.3mf,3D/Objects/object_5.model,13,Object_1,279.99799,279.99799,5.0,millimeter,206656,Combo,Standard Digital File License
R020,MSkadis_280.3mf,3D/Objects/object_5.model,14,Object_1,35.0,35.0,35.0,millimeter,1440,Combo,Standard Digital File License
R020,MSkadis_280.3mf,3D/Objects/object_1.model,1,Object_1,280.0,280.0,5.0,millimeter,179522,Combo,Standard Digital File License
R020,MSkadis_280.3mf,3D/Objects/object_1.model,2,Object_1,35.0,35.0,35.0,millimeter,1440,Combo,Standard Digital File License
R020,MSkadis_280.3mf,3D/Objects/object_2.model,4,Object_1,279.99799,279.99799,5.0,millimeter,198326,Combo,Standard Digital File License
R020,MSkadis_280.3mf,3D/Objects/object_2.model,5,Object_1,35.0,35.0,35.0,millimeter,1440,Combo,Standard Digital File License
R020,MSkadis_280.3mf,3D/Objects/object_6.model,16,Object_1,279.99799,279.99799,5.0,millimeter,215268,Combo,Standard Digital File License
R020,MSkadis_280.3mf,3D/Objects/object_6.model,17,Object_1,35.0,35.0,35.0,millimeter,1440,Combo,Standard Digital File License
R020,MSkadis_280.3mf,3D/Objects/object_3.model,7,Object_1,279.99799,279.99799,5.0,millimeter,205400,Combo,Standard Digital File License
R020,MSkadis_280.3mf,3D/Objects/object_3.model,8,Object_1,35.0,35.0,35.0,millimeter,1440,Combo,Standard Digital File License
R021,nhjgcfxxdc.3mf,3D/Objects/object_3.model,4,42mm,51.598,63.798,20.0,millimeter,1810,Combo,Standard Digital File License
R021,nhjgcfxxdc.3mf,3D/Objects/object_3.model,5,42mm,18.0,18.0,18.0,millimeter,12,Combo,Standard Digital File License
R021,nhjgcfxxdc.3mf,3D/Objects/object_2.model,1,84mm,51.598,105.798,20.002,millimeter,2050,Combo,Standard Digital File License
R021,nhjgcfxxdc.3mf,3D/Objects/object_2.model,2,84mm,18.0,18.0,18.0,millimeter,12,Combo,Standard Digital File License
R022,SKADIS__ROLL_SHELF_D200_W80.3mf,3D/Objects/object_101.model,1,(Unsaved)-SOLID-1,197.19171,107.99991,75.0,millimeter,38244,MOSS 3D,Standard Digital File License
R022,SKADIS__ROLL_SHELF_D200_W80.3mf,3D/Objects/object_103.model,5,(Unsaved)-SOLID-3,203.76949,139.10216,7.0,millimeter,3370,MOSS 3D,Standard Digital File License
R022,SKADIS__ROLL_SHELF_D200_W80.3mf,3D/Objects/object_102.model,3,(Unsaved)-SOLID-2,210.15829,110.39845,7.0,millimeter,3370,MOSS 3D,Standard Digital File License
R023,Skadis_Shelf.3mf,3D/Objects/object_1.model,1,160*65.stl,160.0,75.0,25.0,millimeter,7498,上进的黄同学,Standard Digital File License
R024,卷纸架1.3mf,3D/Objects/object_1.model,1,卷纸架1,175.0,101.0,90.0,millimeter,1144,余火,Standard Digital File License
R025,宜家洞洞板-马里奥砖块置物平台.3mf,3D/Objects/object_4.model,3,砖块 v3.stl_3,160.0,91.5,20.0,millimeter,10620,三七,Standard Digital File License
R025,宜家洞洞板-马里奥砖块置物平台.3mf,3D/Objects/object_2.model,5,砖块 v3.stl_1,79.99999,91.5,20.0,millimeter,8640,三七,Standard Digital File License
R025,宜家洞洞板-马里奥砖块置物平台.3mf,3D/Objects/object_3.model,1,砖块 v3.stl_2,160.0,111.5,20.0,millimeter,10916,三七,Standard Digital File License
R026,挂钩框系列/SKADIS_BIN_120x40x120mm_HEX.3mf,3D/Objects/object_45.model,7,SKADIS_BIN_GENERATOR-SOLID-1,121.4,37.5,4.8,millimeter,2044,MOSS 3D,Standard Digital File License
R026,挂钩框系列/SKADIS_BIN_120x40x120mm_HEX.3mf,3D/Objects/object_42.model,1,SKADIS_BIN_GENERATOR-SOLID-3,120.0,48.76652,4.8,millimeter,2076,MOSS 3D,Standard Digital File License
R026,挂钩框系列/SKADIS_BIN_120x40x120mm_HEX.3mf,3D/Objects/object_43.model,5,SKADIS_BIN_GENERATOR-SOLID-4,120.0,48.76652,4.8,millimeter,2074,MOSS 3D,Standard Digital File License
R026,挂钩框系列/SKADIS_BIN_120x40x120mm_HEX.3mf,3D/Objects/object_46.model,3,SKADIS_BIN_GENERATOR-SOLID-2,125.0,120.0,4.8,millimeter,6920,MOSS 3D,Standard Digital File License
R027,挂钩框系列/SKADIS_BIN_120x60x120mm_HEX.3mf,3D/Objects/object_50.model,5,SKADIS_BIN_GENERATOR-SOLID-1,121.4,57.5,4.8,millimeter,3164,MOSS 3D,Standard Digital File License
R027,挂钩框系列/SKADIS_BIN_120x60x120mm_HEX.3mf,3D/Objects/object_52.model,3,SKADIS_BIN_GENERATOR-SOLID-3,120.0,68.76651,4.8,millimeter,3332,MOSS 3D,Standard Digital File License
R027,挂钩框系列/SKADIS_BIN_120x60x120mm_HEX.3mf,3D/Objects/object_53.model,7,SKADIS_BIN_GENERATOR-SOLID-4,120.0,68.76651,4.8,millimeter,3332,MOSS 3D,Standard Digital File License
R027,挂钩框系列/SKADIS_BIN_120x60x120mm_HEX.3mf,3D/Objects/object_46.model,1,SKADIS_BIN_GENERATOR-SOLID-2,125.0,120.0,4.8,millimeter,6920,MOSS 3D,Standard Digital File License
R028,挂钩框系列/SKADIS_BIN_120x80x120mm_HEX.3mf,3D/Objects/object_57.model,5,SKADIS_BIN_GENERATOR-SOLID-3,120.0,88.76651,4.8,millimeter,4156,MOSS 3D,Standard Digital File License
R028,挂钩框系列/SKADIS_BIN_120x80x120mm_HEX.3mf,3D/Objects/object_55.model,3,SKADIS_BIN_GENERATOR-SOLID-1,121.4,77.5,4.8,millimeter,4324,MOSS 3D,Standard Digital File License
R028,挂钩框系列/SKADIS_BIN_120x80x120mm_HEX.3mf,3D/Objects/object_58.model,7,SKADIS_BIN_GENERATOR-SOLID-4,120.0,88.76651,4.8,millimeter,4168,MOSS 3D,Standard Digital File License
R028,挂钩框系列/SKADIS_BIN_120x80x120mm_HEX.3mf,3D/Objects/object_46.model,1,SKADIS_BIN_GENERATOR-SOLID-2,125.0,120.0,4.8,millimeter,6920,MOSS 3D,Standard Digital File License
R029,挂钩框系列/SKADIS_BIN_120x80x40mm_HEX.3mf,3D/Objects/object_17.model,5,SKADIS_BIN_GENERATOR-SOLID-3,40.0,88.76651,4.8,millimeter,1440,MOSS 3D,Standard Digital File License
R029,挂钩框系列/SKADIS_BIN_120x80x40mm_HEX.3mf,3D/Objects/object_15.model,1,SKADIS_BIN_GENERATOR-SOLID-1,121.4,77.5,4.8,millimeter,4324,MOSS 3D,Standard Digital File License
R029,挂钩框系列/SKADIS_BIN_120x80x40mm_HEX.3mf,3D/Objects/object_18.model,7,SKADIS_BIN_GENERATOR-SOLID-4,40.0,88.76651,4.8,millimeter,1440,MOSS 3D,Standard Digital File License
R029,挂钩框系列/SKADIS_BIN_120x80x40mm_HEX.3mf,3D/Objects/object_16.model,3,SKADIS_BIN_GENERATOR-SOLID-2,125.0,40.0,4.8,millimeter,1432,MOSS 3D,Standard Digital File License
R030,挂钩框系列/SKADIS_BIN_120x80x80mm_HEX.3mf,3D/Objects/object_31.model,7,SKADIS_BIN_GENERATOR-SOLID-2,125.0,80.0,4.8,millimeter,4352,MOSS 3D,Standard Digital File License
R030,挂钩框系列/SKADIS_BIN_120x80x80mm_HEX.3mf,3D/Objects/object_28.model,3,SKADIS_BIN_GENERATOR-SOLID-4,80.0,88.76651,4.8,millimeter,2868,MOSS 3D,Standard Digital File License
R030,挂钩框系列/SKADIS_BIN_120x80x80mm_HEX.3mf,3D/Objects/object_27.model,1,SKADIS_BIN_GENERATOR-SOLID-3,80.0,88.76651,4.8,millimeter,2868,MOSS 3D,Standard Digital File License
R030,挂钩框系列/SKADIS_BIN_120x80x80mm_HEX.3mf,3D/Objects/object_30.model,5,SKADIS_BIN_GENERATOR-SOLID-1,121.4,77.5,4.8,millimeter,4324,MOSS 3D,Standard Digital File License
R031,挂钩框系列/SKADIS_BIN_160x120x120mm_HEX.3mf,3D/Objects/object_65.model,1,SKADIS_BIN_GENERATOR-SOLID-1,161.39999,117.5,4.8,millimeter,9100,MOSS 3D,Standard Digital File License
R031,挂钩框系列/SKADIS_BIN_160x120x120mm_HEX.3mf,3D/Objects/object_66.model,3,SKADIS_BIN_GENERATOR-SOLID-2,165.0,120.0,4.8,millimeter,9128,MOSS 3D,Standard Digital File License
R031,挂钩框系列/SKADIS_BIN_160x120x120mm_HEX.3mf,3D/Objects/object_68.model,7,SKADIS_BIN_GENERATOR-SOLID-4,120.0,128.76651,4.8,millimeter,5916,MOSS 3D,Standard Digital File License
R031,挂钩框系列/SKADIS_BIN_160x120x120mm_HEX.3mf,3D/Objects/object_67.model,5,SKADIS_BIN_GENERATOR-SOLID-3,120.0,128.76651,4.8,millimeter,5916,MOSS 3D,Standard Digital File License
R032,挂钩框系列/SKADIS_BIN_160x160x120mm_HEX.3mf,3D/Objects/object_73.model,7,SKADIS_BIN_GENERATOR-SOLID-4,120.0,168.76651,4.8,millimeter,7844,MOSS 3D,Standard Digital File License
R032,挂钩框系列/SKADIS_BIN_160x160x120mm_HEX.3mf,3D/Objects/object_71.model,3,SKADIS_BIN_GENERATOR-SOLID-2,165.0,120.0,4.8,millimeter,9128,MOSS 3D,Standard Digital File License
R032,挂钩框系列/SKADIS_BIN_160x160x120mm_HEX.3mf,3D/Objects/object_70.model,1,SKADIS_BIN_GENERATOR-SOLID-1,161.39999,157.5,4.8,millimeter,12556,MOSS 3D,Standard Digital File License
R032,挂钩框系列/SKADIS_BIN_160x160x120mm_HEX.3mf,3D/Objects/object_72.model,5,SKADIS_BIN_GENERATOR-SOLID-3,120.0,168.76651,4.8,millimeter,7844,MOSS 3D,Standard Digital File License
R033,挂钩框系列/SKADIS_BIN_160x80x40mm_HEX.3mf,3D/Objects/object_21.model,3,SKADIS_BIN_GENERATOR-SOLID-2,165.0,40.0,4.8,millimeter,1848,MOSS 3D,Standard Digital File License
R033,挂钩框系列/SKADIS_BIN_160x80x40mm_HEX.3mf,3D/Objects/object_22.model,5,SKADIS_BIN_GENERATOR-SOLID-3,40.0,88.76651,4.8,millimeter,1452,MOSS 3D,Standard Digital File License
R033,挂钩框系列/SKADIS_BIN_160x80x40mm_HEX.3mf,3D/Objects/object_23.model,7,SKADIS_BIN_GENERATOR-SOLID-4,40.0,88.76651,4.8,millimeter,1452,MOSS 3D,Standard Digital File License
R033,挂钩框系列/SKADIS_BIN_160x80x40mm_HEX.3mf,3D/Objects/object_20.model,1,SKADIS_BIN_GENERATOR-SOLID-1,161.39999,77.5,4.8,millimeter,5684,MOSS 3D,Standard Digital File License
R034,挂钩框系列/SKADIS_BIN_160x80x80mm_HEX.3mf,3D/Objects/object_28.model,3,SKADIS_BIN_GENERATOR-SOLID-4,80.0,88.76651,4.8,millimeter,2868,MOSS 3D,Standard Digital File License
R034,挂钩框系列/SKADIS_BIN_160x80x80mm_HEX.3mf,3D/Objects/object_35.model,5,SKADIS_BIN_GENERATOR-SOLID-1,161.39999,77.5,4.8,millimeter,5684,MOSS 3D,Standard Digital File License
R034,挂钩框系列/SKADIS_BIN_160x80x80mm_HEX.3mf,3D/Objects/object_27.model,1,SKADIS_BIN_GENERATOR-SOLID-3,80.0,88.76651,4.8,millimeter,2868,MOSS 3D,Standard Digital File License
R034,挂钩框系列/SKADIS_BIN_160x80x80mm_HEX.3mf,3D/Objects/object_36.model,7,SKADIS_BIN_GENERATOR-SOLID-2,165.0,80.0,4.8,millimeter,5712,MOSS 3D,Standard Digital File License
R035,挂钩框系列/SKADIS_BIN_80x40x120mm_HEX.3mf,3D/Objects/object_41.model,3,SKADIS_BIN_GENERATOR-SOLID-2,85.0,120.0,4.8,millimeter,4544,MOSS 3D,Standard Digital File License
R035,挂钩框系列/SKADIS_BIN_80x40x120mm_HEX.3mf,3D/Objects/object_40.model,1,SKADIS_BIN_GENERATOR-SOLID-1,81.4,37.5,4.8,millimeter,1348,MOSS 3D,Standard Digital File License
R035,挂钩框系列/SKADIS_BIN_80x40x120mm_HEX.3mf,3D/Objects/object_42.model,5,SKADIS_BIN_GENERATOR-SOLID-3,120.0,48.76652,4.8,millimeter,2076,MOSS 3D,Standard Digital File License
R035,挂钩框系列/SKADIS_BIN_80x40x120mm_HEX.3mf,3D/Objects/object_43.model,7,SKADIS_BIN_GENERATOR-SOLID-4,120.0,48.76652,4.8,millimeter,2074,MOSS 3D,Standard Digital File License
R036,挂钩框系列/SKADIS_BIN_80x60x120mm_HEX.3mf,3D/Objects/object_37.model,3,SKADIS_BIN_GENERATOR-SOLID-3,120.0,68.76651,4.8,millimeter,3332,MOSS 3D,Standard Digital File License
R036,挂钩框系列/SKADIS_BIN_80x60x120mm_HEX.3mf,3D/Objects/object_35.model,5,SKADIS_BIN_GENERATOR-SOLID-1,81.4,57.5,4.8,millimeter,2100,MOSS 3D,Standard Digital File License
R036,挂钩框系列/SKADIS_BIN_80x60x120mm_HEX.3mf,3D/Objects/object_38.model,7,SKADIS_BIN_GENERATOR-SOLID-4,120.0,68.76651,4.8,millimeter,3332,MOSS 3D,Standard Digital File License
R036,挂钩框系列/SKADIS_BIN_80x60x120mm_HEX.3mf,3D/Objects/object_36.model,1,SKADIS_BIN_GENERATOR-SOLID-2,85.0,120.0,4.8,millimeter,4544,MOSS 3D,Standard Digital File License
R037,挂钩框系列/SKADIS_BIN_80x80x120mm_HEX.3mf,3D/Objects/object_32.model,5,SKADIS_BIN_GENERATOR-SOLID-3,120.0,88.76651,4.8,millimeter,4156,MOSS 3D,Standard Digital File License
R037,挂钩框系列/SKADIS_BIN_80x80x120mm_HEX.3mf,3D/Objects/object_31.model,3,SKADIS_BIN_GENERATOR-SOLID-2,85.0,120.0,4.8,millimeter,4544,MOSS 3D,Standard Digital File License
R037,挂钩框系列/SKADIS_BIN_80x80x120mm_HEX.3mf,3D/Objects/object_33.model,7,SKADIS_BIN_GENERATOR-SOLID-4,120.0,88.76651,4.8,millimeter,4156,MOSS 3D,Standard Digital File License
R037,挂钩框系列/SKADIS_BIN_80x80x120mm_HEX.3mf,3D/Objects/object_30.model,1,SKADIS_BIN_GENERATOR-SOLID-1,81.4,77.5,4.8,millimeter,2812,MOSS 3D,Standard Digital File License
R038,挂钩框系列/SKADIS_BIN_80x80x40mm_HEX.3mf,3D/Objects/object_13.model,1,SKADIS_BIN_GENERATOR.step,81.4,77.5,4.8,millimeter,2812,MOSS 3D,Standard Digital File License
R038,挂钩框系列/SKADIS_BIN_80x80x40mm_HEX.3mf,3D/Objects/object_13.model,2,SKADIS_BIN_GENERATOR.step,85.0,40.0,4.8,millimeter,992,MOSS 3D,Standard Digital File License
R038,挂钩框系列/SKADIS_BIN_80x80x40mm_HEX.3mf,3D/Objects/object_13.model,3,SKADIS_BIN_GENERATOR.step,40.0,88.76651,4.8,millimeter,1466,MOSS 3D,Standard Digital File License
R038,挂钩框系列/SKADIS_BIN_80x80x40mm_HEX.3mf,3D/Objects/object_13.model,4,SKADIS_BIN_GENERATOR.step,40.0,88.76651,4.8,millimeter,1466,MOSS 3D,Standard Digital File License
R039,挂钩框系列/SKADIS_BIN_80x80x80mm_HEX.3mf,3D/Objects/object_25.model,1,SKADIS_BIN_GENERATOR-SOLID-1,81.4,77.5,4.8,millimeter,2812,MOSS 3D,Standard Digital File License
R039,挂钩框系列/SKADIS_BIN_80x80x80mm_HEX.3mf,3D/Objects/object_28.model,7,SKADIS_BIN_GENERATOR-SOLID-4,80.0,88.76651,4.8,millimeter,2868,MOSS 3D,Standard Digital File License
R039,挂钩框系列/SKADIS_BIN_80x80x80mm_HEX.3mf,3D/Objects/object_27.model,5,SKADIS_BIN_GENERATOR-SOLID-3,80.0,88.76651,4.8,millimeter,2868,MOSS 3D,Standard Digital File License
R039,挂钩框系列/SKADIS_BIN_80x80x80mm_HEX.3mf,3D/Objects/object_26.model,3,SKADIS_BIN_GENERATOR-SOLID-2,85.0,80.0,4.8,millimeter,2840,MOSS 3D,Standard Digital File License
R040,挂钩框系列/SKADIS_BIN_SLOTS_120x80x40.3mf,3D/Objects/object_4.model,1,output_1,255.0,135.56651,4.8,millimeter,5020,MOSS 3D,Standard Digital File License
R041,挂钩框系列/SKADIS_BIN_SLOTS_40x80x40.3mf,3D/Objects/object_3.model,1,output_1,175.0,95.56651,4.8,millimeter,2656,MOSS 3D,Standard Digital File License
R042,挂钩框系列/SKADIS_TRAY_40x40x40mm.3mf,3D/Objects/object_3.model,3,output_1,135.0,95.56651,4.8,millimeter,3228,MOSS 3D,Standard Digital File License
R042,挂钩框系列/SKADIS_TRAY_40x40x40mm.3mf,3D/Objects/object_4.model,5,output_1,135.0,95.56651,4.8,millimeter,2588,MOSS 3D,Standard Digital File License
R042,挂钩框系列/SKADIS_TRAY_40x40x40mm.3mf,3D/Objects/object_2.model,1,output_1,135.0,95.56651,4.8,millimeter,3644,MOSS 3D,Standard Digital File License
R042,挂钩框系列/SKADIS_TRAY_40x40x40mm.3mf,3D/Objects/object_5.model,7,output_1,135.0,95.56651,4.8,millimeter,1964,MOSS 3D,Standard Digital File License
R043,挂钩篮子系列/SKADIS_BIN_V2_120x80x80.3mf,3D/Objects/object_29.model,5,SKADIS_BIN_GENERATOR_V4-SOLID-3,80.0,110.08787,4.8,millimeter,1802,MOSS 3D,Standard Digital File License
R043,挂钩篮子系列/SKADIS_BIN_V2_120x80x80.3mf,3D/Objects/object_28.model,9,SKADIS_BIN_GENERATOR_V4-SOLID-2,125.0,39.04271,4.8,millimeter,1766,MOSS 3D,Standard Digital File License
R043,挂钩篮子系列/SKADIS_BIN_V2_120x80x80.3mf,3D/Objects/object_27.model,3,SKADIS_BIN_GENERATOR_V4-SOLID-1,121.4,83.53333,4.8,millimeter,1908,MOSS 3D,Standard Digital File License
R043,挂钩篮子系列/SKADIS_BIN_V2_120x80x80.3mf,3D/Objects/object_30.model,7,SKADIS_BIN_GENERATOR_V4-SOLID-4,80.0,110.08787,4.8,millimeter,1802,MOSS 3D,Standard Digital File License
R043,挂钩篮子系列/SKADIS_BIN_V2_120x80x80.3mf,3D/Objects/object_5.model,1,SKADIS_BIN_GENERATOR_V4,115.0,73.8,100.85755,millimeter,778,MOSS 3D,Standard Digital File License
R044,挂钩篮子系列/SKADIS_BIN_V2_160x80x80(2).3mf,3D/Objects/object_21.model,3,SKADIS_BIN_GENERATOR_V4-SOLID-1,161.39999,83.53333,4.8,millimeter,2052,MOSS 3D,Standard Digital File License
R044,挂钩篮子系列/SKADIS_BIN_V2_160x80x80(2).3mf,3D/Objects/object_22.model,9,SKADIS_BIN_GENERATOR_V4-SOLID-2,165.0,39.04271,4.8,millimeter,1764,MOSS 3D,Standard Digital File License
R044,挂钩篮子系列/SKADIS_BIN_V2_160x80x80(2).3mf,3D/Objects/object_23.model,5,SKADIS_BIN_GENERATOR_V4-SOLID-3,80.0,110.08787,4.8,millimeter,1802,MOSS 3D,Standard Digital File License
R044,挂钩篮子系列/SKADIS_BIN_V2_160x80x80(2).3mf,3D/Objects/object_25.model,7,SKADIS_BIN_GENERATOR_V4-SOLID-5,80.0,110.08787,4.8,millimeter,1802,MOSS 3D,Standard Digital File License
R044,挂钩篮子系列/SKADIS_BIN_V2_160x80x80(2).3mf,3D/Objects/object_5.model,1,SKADIS_BIN_GENERATOR_V4,155.0,73.8,100.85755,millimeter,778,MOSS 3D,Standard Digital File License
R045,挂钩篮子系列/SKADIS_BIN_V2_160x80x80.3mf,3D/Objects/object_29.model,5,SKADIS_BIN_GENERATOR_V4-SOLID-3,80.0,110.08787,4.8,millimeter,1786,MOSS 3D,Standard Digital File License
R045,挂钩篮子系列/SKADIS_BIN_V2_160x80x80.3mf,3D/Objects/object_28.model,9,SKADIS_BIN_GENERATOR_V4-SOLID-2,165.0,39.04271,4.8,millimeter,1754,MOSS 3D,Standard Digital File License
R045,挂钩篮子系列/SKADIS_BIN_V2_160x80x80.3mf,3D/Objects/object_27.model,3,SKADIS_BIN_GENERATOR_V4-SOLID-1,161.39999,83.53333,4.8,millimeter,2020,MOSS 3D,Standard Digital File License
R045,挂钩篮子系列/SKADIS_BIN_V2_160x80x80.3mf,3D/Objects/object_30.model,7,SKADIS_BIN_GENERATOR_V4-SOLID-4,80.0,110.08787,4.8,millimeter,1786,MOSS 3D,Standard Digital File License
R045,挂钩篮子系列/SKADIS_BIN_V2_160x80x80.3mf,3D/Objects/object_5.model,1,SKADIS_BIN_GENERATOR_V4,155.0,73.8,100.85755,millimeter,1084,MOSS 3D,Standard Digital File License
R046,挂钩篮子系列/SKADIS_BIN_V2_240x120x120.3mf,3D/Objects/object_15.model,5,SKADIS_BIN_GENERATOR_V4-SOLID-3,120.0,159.84854,4.8,millimeter,1802,MOSS 3D,Standard Digital File License
R046,挂钩篮子系列/SKADIS_BIN_V2_240x120x120.3mf,3D/Objects/object_16.model,9,SKADIS_BIN_GENERATOR_V4-SOLID-4,120.0,159.84854,4.8,millimeter,1802,MOSS 3D,Standard Digital File License
R046,挂钩篮子系列/SKADIS_BIN_V2_240x120x120.3mf,3D/Objects/object_13.model,3,SKADIS_BIN_GENERATOR_V4-SOLID-1,241.39999,123.53333,4.8,millimeter,2084,MOSS 3D,Standard Digital File License
R046,挂钩篮子系列/SKADIS_BIN_V2_240x120x120.3mf,3D/Objects/object_5.model,1,SKADIS_BIN_GENERATOR_V4,235.0,113.8,150.61824,millimeter,778,MOSS 3D,Standard Digital File License
R046,挂钩篮子系列/SKADIS_BIN_V2_240x120x120.3mf,3D/Objects/object_14.model,7,SKADIS_BIN_GENERATOR_V4-SOLID-2,245.0,58.56406,4.8,millimeter,1768,MOSS 3D,Standard Digital File License
R047,挂钩篮子系列/SKADIS_BIN_V2_240x60x80.3mf,3D/Objects/object_10.model,7,SKADIS_BIN_GENERATOR_V4-SOLID-3,80.0,90.08787,4.8,millimeter,1766,MOSS 3D,Standard Digital File License
R047,挂钩篮子系列/SKADIS_BIN_V2_240x60x80.3mf,3D/Objects/object_3.model,5,SKADIS_BIN_GENERATOR_V4,245.0,39.04271,4.8,millimeter,1764,MOSS 3D,Standard Digital File License
R047,挂钩篮子系列/SKADIS_BIN_V2_240x60x80.3mf,3D/Objects/object_5.model,1,SKADIS_BIN_GENERATOR_V4,235.0,73.8,80.85755,millimeter,924,MOSS 3D,Standard Digital File License
R047,挂钩篮子系列/SKADIS_BIN_V2_240x60x80.3mf,3D/Objects/object_11.model,9,SKADIS_BIN_GENERATOR_V4-SOLID-4,80.0,90.08787,4.8,millimeter,1766,MOSS 3D,Standard Digital File License
R047,挂钩篮子系列/SKADIS_BIN_V2_240x60x80.3mf,3D/Objects/object_8.model,3,SKADIS_BIN_GENERATOR_V4-SOLID-1,241.39999,63.53333,4.8,millimeter,1908,MOSS 3D,Standard Digital File License
R048,桌边洞洞板夹具.3mf,3D/Objects/object_17.model,4,jiazi,58.7,40.0,59.99915,millimeter,137530,Ms,Standard Digital File License
R048,桌边洞洞板夹具.3mf,3D/Objects/object_4.model,6,洞洞板,5.0,200.0,60.0,millimeter,151012,Ms,Standard Digital File License
R048,桌边洞洞板夹具.3mf,3D/Objects/object_16.model,1,4564564566,25.0,24.82,55.0,millimeter,194702,Ms,Standard Digital File License
R049,洞洞板配件_MakerWorld版.3mf,3D/Objects/object_44.model,9,零件盒158mm,158.0,60.0,70.75003,millimeter,15598,Raymondling,Standard Digital File License
R049,洞洞板配件_MakerWorld版.3mf,3D/Objects/object_148.model,19,实体1,82.75,50.0,72.0,millimeter,15452,Raymondling,Standard Digital File License
R049,洞洞板配件_MakerWorld版.3mf,3D/Objects/object_41.model,5,平面支架 (1),158.0,26.0,85.74999,millimeter,12796,Raymondling,Standard Digital File License
R049,洞洞板配件_MakerWorld版.3mf,3D/Objects/object_181.model,39,60mmTall,70.74999,100.0,60.0,millimeter,15626,Raymondling,Standard Digital File License
R049,洞洞板配件_MakerWorld版.3mf,3D/Objects/object_195.model,49,重力挂钩,81.0,40.75,30.0,millimeter,24158,Raymondling,Standard Digital File License
R049,洞洞板配件_MakerWorld版.3mf,3D/Objects/object_195.model,50,重力挂钩,16.0,15.99503,16.0,millimeter,3968,Raymondling,Standard Digital File License
R049,洞洞板配件_MakerWorld版.3mf,3D/Objects/object_183.model,43,50mmTall,60.74999,100.0,50.0,millimeter,14838,Raymondling,Standard Digital File License
R049,洞洞板配件_MakerWorld版.3mf,3D/Objects/object_13.model,1,实体1,31.0,46.0,26.74999,millimeter,6950,Raymondling,Standard Digital File License
R049,洞洞板配件_MakerWorld版.3mf,3D/Objects/object_184.model,45,50mmShort,60.74999,55.0,50.0,millimeter,12930,Raymondling,Standard Digital File License
R049,洞洞板配件_MakerWorld版.3mf,3D/Objects/object_185.model,47,实体1,83.0,34.04588,23.74999,millimeter,8024,Raymondling,Standard Digital File License
R049,洞洞板配件_MakerWorld版.3mf,3D/Objects/object_130.model,15,零件盒118mm,118.0,60.0,70.75003,millimeter,12588,Raymondling,Standard Digital File License
R049,洞洞板配件_MakerWorld版.3mf,3D/Objects/object_157.model,21,实体1,66.75,20.0,75.43077,millimeter,3792,Raymondling,Standard Digital File License
R049,洞洞板配件_MakerWorld版.3mf,3D/Objects/object_174.model,37,剪刀架Large,60.0,20.0,22.74999,millimeter,4720,Raymondling,Standard Digital File License
R049,洞洞板配件_MakerWorld版.3mf,3D/Objects/object_42.model,7,零件盒78mm,78.0,60.0,70.75,millimeter,10550,Raymondling,Standard Digital File License
R049,洞洞板配件_MakerWorld版.3mf,3D/Objects/object_169.model,31,实体4,24.49999,45.0,4.5,millimeter,5612,Raymondling,Standard Digital File License
R049,洞洞板配件_MakerWorld版.3mf,3D/Objects/object_147.model,17,实体1,69.75,50.0,58.9992,millimeter,22084,Raymondling,Standard Digital File License
R049,洞洞板配件_MakerWorld版.3mf,3D/Objects/object_120.model,13,剪刀架medium,60.0,20.0,22.74999,millimeter,2970,Raymondling,Standard Digital File License
R049,洞洞板配件_MakerWorld版.3mf,3D/Objects/object_82.model,11,实体1,80.0,50.0,31.87,millimeter,22972,Raymondling,Standard Digital File License
R049,洞洞板配件_MakerWorld版.3mf,3D/Objects/object_14.model,3,实体1,22.0,46.0,24.74999,millimeter,6612,Raymondling,Standard Digital File License
R049,洞洞板配件_MakerWorld版.3mf,3D/Objects/object_182.model,41,60mmShort,70.74999,55.0,60.0,millimeter,13374,Raymondling,Standard Digital File License
R049,洞洞板配件_MakerWorld版.3mf,3D/Objects/object_158.model,23,实体1,106.75,20.0,90.0,millimeter,3270,Raymondling,Standard Digital File License
R049,洞洞板配件_MakerWorld版.3mf,3D/Objects/object_160.model,25,标准支架,41.78133,45.0,4.5,millimeter,8188,Raymondling,Standard Digital File License
R050,盘子收纳架.3mf,3D/Objects/object_38.model,7,碟子架.stl_2,10.0,10.0,80.0,millimeter,6632,小嘿兜,Standard Digital File License
R050,盘子收纳架.3mf,3D/Objects/object_39.model,1,碟子架.stl_3,10.0,10.0,105.0,millimeter,7272,小嘿兜,Standard Digital File License
R050,盘子收纳架.3mf,3D/Objects/object_36.model,3,碟子架.stl_1,275.0,15.0,15.0,millimeter,32462,小嘿兜,Standard Digital File License
R051,螺丝刀剪钳收纳套装.3mf,3D/Objects/object_4.model,3,实体14,40.0,35.0,40.0,millimeter,16560,三七,Standard Digital File License
R051,螺丝刀剪钳收纳套装.3mf,3D/Objects/object_11.model,1,实体8,42.4,36.2,40.0,millimeter,3968,三七,Standard Digital File License
R051,螺丝刀剪钳收纳套装.3mf,3D/Objects/object_10.model,5,实体7,183.0,53.5,24.0,millimeter,28708,三七,Standard Digital File License
R051,螺丝刀剪钳收纳套装.3mf,3D/Objects/object_9.model,7,组合体,23.56398,3.0,19.53198,millimeter,148,三七,Standard Digital File License
R051,螺丝刀剪钳收纳套装.3mf,3D/Objects/object_9.model,8,组合体,7.0,3.0,4.5,millimeter,28,三七,Standard Digital File License
R051,螺丝刀剪钳收纳套装.3mf,3D/Objects/object_9.model,9,组合体,4.99857,2.4,4.99929,millimeter,2446,三七,Standard Digital File License
R051,螺丝刀剪钳收纳套装.3mf,3D/Objects/object_9.model,10,组合体,4.99857,2.4,4.99929,millimeter,2446,三七,Standard Digital File License
R051,螺丝刀剪钳收纳套装.3mf,3D/Objects/object_9.model,11,组合体,4.99857,2.4,4.99929,millimeter,2446,三七,Standard Digital File License
R051,螺丝刀剪钳收纳套装.3mf,3D/Objects/object_9.model,12,组合体,4.99857,2.4,4.99929,millimeter,2446,三七,Standard Digital File License
R052,高20mm收纳盒.3mf,3D/3dmodel.model,1,200*20*80mm___,200.0,90.0,20.0,millimeter,118292,一个大帅哥,Standard Digital File License
R052,高20mm收纳盒.3mf,3D/3dmodel.model,3,160*20*80mm___,160.0,90.0,20.0,millimeter,90212,一个大帅哥,Standard Digital File License
R052,高20mm收纳盒.3mf,3D/3dmodel.model,5,120*20*80mm___,120.0,90.0,20.0,millimeter,90216,一个大帅哥,Standard Digital File License
R052,高20mm收纳盒.3mf,3D/3dmodel.model,7,80*20*80mm___,80.0,90.0,20.0,millimeter,90216,一个大帅哥,Standard Digital File License
R053,高30mm收纳盒.3mf,3D/3dmodel.model,1,200*30*80mm___,200.0,90.0,30.0,millimeter,118028,一个大帅哥,Standard Digital File License
R053,高30mm收纳盒.3mf,3D/3dmodel.model,3,160*30*80mm___,160.0,90.0,30.0,millimeter,90212,一个大帅哥,Standard Digital File License
R053,高30mm收纳盒.3mf,3D/3dmodel.model,5,120*30*80mm___,120.0,90.0,30.0,millimeter,90216,一个大帅哥,Standard Digital File License
R053,高30mm收纳盒.3mf,3D/3dmodel.model,7,80*30*80mm___,80.0,90.0,30.0,millimeter,90216,一个大帅哥,Standard Digital File License
R054,高60mm收纳盒4种尺寸.3mf,3D/3dmodel.model,1,200*60*80___,200.0,90.0,60.0,millimeter,201740,一个大帅哥,Standard Digital File License
R054,高60mm收纳盒4种尺寸.3mf,3D/3dmodel.model,3,160*60*80mm___,160.0,90.0,60.0,millimeter,145844,一个大帅哥,Standard Digital File License
R054,高60mm收纳盒4种尺寸.3mf,3D/3dmodel.model,5,120*60*80mm___,120.0,90.0,60.0,millimeter,145844,一个大帅哥,Standard Digital File License
R054,高60mm收纳盒4种尺寸.3mf,3D/3dmodel.model,7,80*60*80mm___,80.0,90.0,60.0,millimeter,145852,一个大帅哥,Standard Digital File License
